"obj_type","node_ref","node_label","rel_type","rel_src_node","rel_dst_node","prop:born","prop:name","prop:rating","prop:released","prop:roles","prop:summary","prop:tagline","prop:title"
node,28,Person,,,,1961,"Aaron Sorkin",,,,,,
node,13,Person,,,,1940,"Al Pacino",,,,,,
node,168,Person,,,,,"Angela Scope",,,,,,
node,57,Person,,,,1960,"Annabella Sciorra",,,,,,
node,32,Person,,,,1962,"Anthony Edwards",,,,,,
node,113,Person,,,,1976,"Audrey Tautou",,,,,,
node,120,Person,,,,1967,"Ben Miles",,,,,,
node,146,Person,,,,1955,"Bill Paxton",,,,,,
node,75,Person,,,,1953,"Bill Pullman",,,,,,
node,82,Person,,,,1948,"Billy Crystal",,,,,,
node,42,Person,,,,1961,"Bonnie Hunt",,,,,,
node,88,Person,,,,1970,"Brooke Langton",,,,,,
node,84,Person,,,,1949,"Bruno Kirby",,,,,,
node,45,Person,,,,1957,"Cameron Crowe",,,,,,
node,83,Person,,,,1956,"Carrie Fisher",,,,,,
node,2,Person,,,,1967,"Carrie-Anne Moss",,,,,,
node,12,Person,,,,1975,"Charlize Theron",,,,,,
node,158,Person,,,,1958,"Chris Columbus",,,,,,
node,93,Person,,,,1974,"Christian Bale",,,,,,
node,126,Person,,,,1980,"Christina Ricci",,,,,,
node,26,Person,,,,1948,"Christopher Guest",,,,,,
node,99,Person,,,,1930,"Clint Eastwood",,,,,,
node,48,Person,,,,1971,"Corey Feldman",,,,,,
node,22,Person,,,,1968,"Cuba Gooding Jr.",,,,,,
node,142,Person,,,,1944,"Danny DeVito",,,,,,
node,69,Person,,,,1973,"Dave Chappelle",,,,,,
node,109,Person,,,,1969,"David Mitchell",,,,,,
node,132,Person,,,,1953,"David Morse",,,,,,
node,18,Person,,,,1962,"Demi Moore",,,,,,
node,155,Person,,,,1946,"Diane Keaton",,,,,,
node,102,Person,,,,1968,"Dina Meyer",,,,,,
node,145,Person,,,,1950,"Ed Harris",,,,,,
node,8,Person,,,,1978,"Emil Eifrem",,,,,,
node,122,Person,,,,1985,"Emile Hirsch",,,,,,
node,63,Person,,,,1970,"Ethan Hawke",,,,,,
node,136,Person,,,,1959,"Frank Darabont",,,,,,
node,138,Person,,,,1938,"Frank Langella",,,,,,
node,134,Person,,,,1955,"Gary Sinise",,,,,,
node,164,Person,,,,1956,"Geena Davis",,,,,,
node,89,Person,,,,1930,"Gene Hackman",,,,,,
node,54,Person,,,,1963,"Greg Kinnear",,,,,,
node,106,Person,,,,1966,"Halle Berry",,,,,,
node,53,Person,,,,1963,"Helen Hunt",,,,,,
node,91,Person,,,,1950,"Howard Deutch",,,,,,
node,4,Person,,,,1960,"Hugo Weaving",,,,,,
node,112,Person,,,,1939,"Ian McKellen",,,,,,
node,103,Person,,,,1958,"Ice-T",,,,,,
node,24,Person,,,,1943,"J.T. Walsh",,,,,,
node,17,Person,,,,1937,"Jack Nicholson",,,,,,
node,65,Person,,,,1940,"James Cromwell",,,,,,
node,55,Person,,,,1940,"James L. Brooks",,,,,,
node,25,Person,,,,1967,"James Marshall",,,,,,
node,170,Person,,,,,"James Thompson",,,,,,
node,149,Person,,,,1943,"Jan de Bont",,,,,,
node,41,Person,,,,1970,"Jay Mohr",,,,,,
node,40,Person,,,,1974,"Jerry O'Connell",,,,,,
node,169,Person,,,,,"Jessica Thompson",,,,,,
node,107,Person,,,,1949,"Jim Broadbent",,,,,,
node,36,Person,,,,1941,"Jim Cash",,,,,,
node,7,Person,,,,1952,"Joel Silver",,,,,,
node,143,Person,,,,1965,"John C. Reilly",,,,,,
node,50,Person,,,,1966,"John Cusack",,,,,,
node,123,Person,,,,1960,"John Goodman",,,,,,
node,119,Person,,,,1940,"John Hurt",,,,,,
node,79,Person,,,,1950,"John Patrick Stanley",,,,,,
node,44,Person,,,,1996,"Jonathan Lipnicki",,,,,,
node,160,Person,,,,1967,"Julia Roberts",,,,,,
node,1,Person,,,,1964,"Keanu Reeves",,,,,,
node,30,Person,,,,1957,"Kelly McGillis",,,,,,
node,39,Person,,,,1962,"Kelly Preston",,,,,,
node,19,Person,,,,1958,"Kevin Bacon",,,,,,
node,23,Person,,,,1957,"Kevin Pollak",,,,,,
node,20,Person,,,,1966,"Kiefer Sutherland",,,,,,
node,6,Person,,,,1965,"Lana Wachowski",,,,,,
node,3,Person,,,,1961,"Laurence Fishburne",,,,,,
node,5,Person,,,,1967,"Lilly Wachowski",,,,,,
node,86,Person,,,,1977,"Liv Tyler",,,,,,
node,165,Person,,,,1963,"Lori Petty",,,,,,
node,163,Person,,,,1954,Madonna,,,,,,
node,51,Person,,,,1942,"Marshall Bell",,,,,,
node,125,Person,,,,1966,"Matthew Fox",,,,,,
node,58,Person,,,,1929,"Max von Sydow",,,,,,
node,34,Person,,,,1961,"Meg Ryan",,,,,,
node,131,Person,,,,1957,"Michael Clarke Duncan",,,,,,
node,139,Person,,,,1969,"Michael Sheen",,,,,,
node,96,Person,,,,1931,"Mike Nichols",,,,,,
node,153,Person,,,,1932,"Milos Forman",,,,,,
node,156,Person,,,,1949,"Nancy Meyers",,,,,,
node,129,Person,,,,,"Naomie Harris",,,,,,
node,117,Person,,,,1981,"Natalie Portman",,,,,,
node,80,Person,,,,1956,"Nathan Lane",,,,,,
node,21,Person,,,,1971,"Noah Wyle",,,,,,
node,72,Person,,,,1941,"Nora Ephron",,,,,,
node,140,Person,,,,1960,"Oliver Platt",,,,,,
node,90,Person,,,,1968,"Orlando Jones",,,,,,
node,68,Person,,,,1968,"Parker Posey",,,,,,
node,135,Person,,,,1959,"Patricia Clarkson",,,,,,
node,114,Person,,,,1971,"Paul Bettany",,,,,,
node,167,Person,,,,,"Paul Blythe",,,,,,
node,166,Person,,,,1943,"Penny Marshall",,,,,,
node,148,Person,,,,1967,"Philip Seymour Hoffman",,,,,,
node,127,Person,,,,1982,Rain,,,,,,
node,43,Person,,,,1971,"Regina King",,,,,,
node,38,Person,,,,1969,"Renee Zellweger",,,,,,
node,98,Person,,,,1930,"Richard Harris",,,,,,
node,64,Person,,,,1971,"Rick Yune",,,,,,
node,74,Person,,,,1956,"Rita Wilson",,,,,,
node,47,Person,,,,1970,"River Phoenix",,,,,,
node,27,Person,,,,1947,"Rob Reiner",,,,,,
node,104,Person,,,,1953,"Robert Longo",,,,,,
node,151,Person,,,,1951,"Robert Zemeckis",,,,,,
node,60,Person,,,,1951,"Robin Williams",,,,,,
node,115,Person,,,,1954,"Ron Howard",,,,,,
node,77,Person,,,,1962,"Rosie O'Donnell",,,,,,
node,133,Person,,,,1968,"Sam Rockwell",,,,,,
node,66,Person,,,,1953,"Scott Hicks",,,,,,
node,110,Person,,,,1961,"Stefan Arndt",,,,,,
node,118,Person,,,,1946,"Stephen Rea",,,,,,
node,70,Person,,,,1967,"Steve Zahn",,,,,,
node,124,Person,,,,1946,"Susan Sarandon",,,,,,
node,101,Person,,,,1947,"Takeshi Kitano",,,,,,
node,14,Person,,,,1944,"Taylor Hackford",,,,,,
node,16,Person,,,,1962,"Tom Cruise",,,,,,
node,71,Person,,,,1956,"Tom Hanks",,,,,,
node,33,Person,,,,1933,"Tom Skerritt",,,,,,
node,108,Person,,,,1965,"Tom Tykwer",,,,,,
node,35,Person,,,,1944,"Tony Scott",,,,,,
node,31,Person,,,,1959,"Val Kilmer",,,,,,
node,76,Person,,,,1949,"Victor Garber",,,,,,
node,61,Person,,,,1956,"Vincent Ward",,,,,,
node,59,Person,,,,1942,"Werner Herzog",,,,,,
node,49,Person,,,,1972,"Wil Wheaton",,,,,,
node,94,Person,,,,1954,"Zach Grenier",,,,,,
node,0,Movie,,,,,,,1999,,,"Welcome to the Real World","The Matrix"
node,9,Movie,,,,,,,2003,,,"Free your mind","The Matrix Reloaded"
node,10,Movie,,,,,,,2003,,,"Everything that has a beginning has an end","The Matrix Revolutions"
node,11,Movie,,,,,,,1997,,,"Evil has its winning ways","The Devil's Advocate"
node,15,Movie,,,,,,,1992,,,"In the heart of the nation's capital, in a courthouse of the U.S. government, one man will stop at nothing to keep his honor, and one will stop at nothing to find the truth.","A Few Good Men"
node,29,Movie,,,,,,,1986,,,"I feel the need, the need for speed.","Top Gun"
node,37,Movie,,,,,,,2000,,,"The rest of his life begins now.","Jerry Maguire"
node,46,Movie,,,,,,,1986,,,"For some, it's the last real taste of innocence, and the first real taste of life. But for everyone, it's the time that memories are made of.","Stand By Me"
node,52,Movie,,,,,,,1997,,,"A comedy from the heart that goes for the throat.","As Good as It Gets"
node,56,Movie,,,,,,,1998,,,"After life there is more. The end is just the beginning.","What Dreams May Come"
node,62,Movie,,,,,,,1999,,,"First loves last. Forever.","Snow Falling on Cedars"
node,67,Movie,,,,,,,1998,,,"At odds in life... in love on-line.","You've Got Mail"
node,73,Movie,,,,,,,1993,,,"What if someone you never met, someone you never saw, someone you never knew was the only someone for you?","Sleepless in Seattle"
node,78,Movie,,,,,,,1990,,,"A story of love, lava and burning desire.","Joe Versus the Volcano"
node,81,Movie,,,,,,,1998,,,"Can two friends sleep together and still love each other in the morning?","When Harry Met Sally"
node,85,Movie,,,,,,,1996,,,"In every life there comes a time when that thing you dream becomes that thing you do","That Thing You Do"
node,87,Movie,,,,,,,2000,,,"Pain heals, Chicks dig scars... Glory lasts forever","The Replacements"
node,92,Movie,,,,,,,2006,,,"Based on the extraordinary true story of one man's fight for freedom",RescueDawn
node,95,Movie,,,,,,,1996,,,"Come as you are","The Birdcage"
node,97,Movie,,,,,,,1992,,,"It's a hell of a thing, killing a man",Unforgiven
node,100,Movie,,,,,,,1995,,,"The hottest data on earth. In the coolest head in town","Johnny Mnemonic"
node,105,Movie,,,,,,,2012,,,"Everything is connected","Cloud Atlas"
node,111,Movie,,,,,,,2006,,,"Break The Codes","The Da Vinci Code"
node,116,Movie,,,,,,,2006,,,"Freedom! Forever!","V for Vendetta"
node,121,Movie,,,,,,,2008,,,"Speed has no limits","Speed Racer"
node,128,Movie,,,,,,,2009,,,"Prepare to enter a secret world of assassins","Ninja Assassin"
node,130,Movie,,,,,,,1999,,,"Walk a mile you'll never forget.","The Green Mile"
node,137,Movie,,,,,,,2008,,,"400 million people were waiting for the truth.","Frost/Nixon"
node,141,Movie,,,,,,,1992,,,"He didn't want law. He wanted justice.",Hoffa
node,144,Movie,,,,,,,1995,,,"Houston, we have a problem.","Apollo 13"
node,147,Movie,,,,,,,1996,,,"Don't Breathe. Don't Look Back.",Twister
node,150,Movie,,,,,,,2000,,,"At the edge of the world, his journey begins.","Cast Away"
node,152,Movie,,,,,,,1975,,,"If he's crazy, what does that make you?","One Flew Over the Cuckoo's Nest"
node,154,Movie,,,,,,,2003,,,,"Something's Gotta Give"
node,157,Movie,,,,,,,1999,,,"One robot's 200 year journey to become an ordinary man.","Bicentennial Man"
node,159,Movie,,,,,,,2007,,,"A stiff drink. A little mascara. A lot of nerve. Who said they couldn't bring down the Soviet empire.","Charlie Wilson's War"
node,161,Movie,,,,,,,2004,,,"This Holiday Seasonâ€¦ Believe","The Polar Express"
node,162,Movie,,,,,,,1992,,,"Once in a lifetime you get a chance to do something different.","A League of Their Own"
rel,,,REVIEWED,169,111,,,68,,,"A solid romp",,
rel,,,REVIEWED,169,105,,,95,,,"An amazing journey",,
rel,,,REVIEWED,169,97,,,85,,,"Dark, but compelling",,
rel,,,REVIEWED,170,111,,,65,,,"Fun, but a little far fetched",,
rel,,,REVIEWED,168,87,,,62,,,"Pretty funny at times",,
rel,,,REVIEWED,169,87,,,65,,,"Silly, but fun",,
rel,,,REVIEWED,169,95,,,45,,,"Slapstick redeemed only by the Robin Williams and Gene Hackman's stellar performances",,
rel,,,REVIEWED,170,87,,,100,,,"The coolest football movie ever",,
rel,,,REVIEWED,169,37,,,92,,,"You had me at Jerry",,
rel,,,"ACTED_IN",1,0,,,,,"[""Neo""]",,,
rel,,,"ACTED_IN",2,0,,,,,"[""Trinity""]",,,
rel,,,"ACTED_IN",3,0,,,,,"[""Morpheus""]",,,
rel,,,"ACTED_IN",4,0,,,,,"[""Agent Smith""]",,,
rel,,,DIRECTED,5,0,,,,,,,,
rel,,,DIRECTED,6,0,,,,,,,,
rel,,,PRODUCED,7,0,,,,,,,,
rel,,,"ACTED_IN",8,0,,,,,"[""Emil""]",,,
rel,,,"ACTED_IN",1,9,,,,,"[""Neo""]",,,
rel,,,"ACTED_IN",2,9,,,,,"[""Trinity""]",,,
rel,,,"ACTED_IN",3,9,,,,,"[""Morpheus""]",,,
rel,,,"ACTED_IN",4,9,,,,,"[""Agent Smith""]",,,
rel,,,DIRECTED,5,9,,,,,,,,
rel,,,DIRECTED,6,9,,,,,,,,
rel,,,PRODUCED,7,9,,,,,,,,
rel,,,"ACTED_IN",1,10,,,,,"[""Neo""]",,,
rel,,,"ACTED_IN",2,10,,,,,"[""Trinity""]",,,
rel,,,"ACTED_IN",3,10,,,,,"[""Morpheus""]",,,
rel,,,"ACTED_IN",4,10,,,,,"[""Agent Smith""]",,,
rel,,,DIRECTED,5,10,,,,,,,,
rel,,,DIRECTED,6,10,,,,,,,,
rel,,,PRODUCED,7,10,,,,,,,,
rel,,,"ACTED_IN",1,11,,,,,"[""Kevin Lomax""]",,,
rel,,,"ACTED_IN",12,11,,,,,"[""Mary Ann Lomax""]",,,
rel,,,"ACTED_IN",13,11,,,,,"[""John Milton""]",,,
rel,,,DIRECTED,14,11,,,,,,,,
rel,,,"ACTED_IN",16,15,,,,,"[""Lt. Daniel Kaffee""]",,,
rel,,,"ACTED_IN",17,15,,,,,"[""Col. Nathan R. Jessup""]",,,
rel,,,"ACTED_IN",18,15,,,,,"[""Lt. Cdr. JoAnne Galloway""]",,,
rel,,,"ACTED_IN",19,15,,,,,"[""Capt. Jack Ross""]",,,
rel,,,"ACTED_IN",20,15,,,,,"[""Lt. Jonathan Kendrick""]",,,
rel,,,"ACTED_IN",21,15,,,,,"[""Cpl. Jeffrey Barnes""]",,,
rel,,,"ACTED_IN",22,15,,,,,"[""Cpl. Carl Hammaker""]",,,
rel,,,"ACTED_IN",23,15,,,,,"[""Lt. Sam Weinberg""]",,,
rel,,,"ACTED_IN",24,15,,,,,"[""Lt. Col. Matthew Andrew Markinson""]",,,
rel,,,"ACTED_IN",25,15,,,,,"[""Pfc. Louden Downey""]",,,
rel,,,"ACTED_IN",26,15,,,,,"[""Dr. Stone""]",,,
rel,,,"ACTED_IN",28,15,,,,,"[""Man in Bar""]",,,
rel,,,DIRECTED,27,15,,,,,,,,
rel,,,WROTE,28,15,,,,,,,,
rel,,,"ACTED_IN",16,29,,,,,"[""Maverick""]",,,
rel,,,"ACTED_IN",30,29,,,,,"[""Charlie""]",,,
rel,,,"ACTED_IN",31,29,,,,,"[""Iceman""]",,,
rel,,,"ACTED_IN",32,29,,,,,"[""Goose""]",,,
rel,,,"ACTED_IN",33,29,,,,,"[""Viper""]",,,
rel,,,"ACTED_IN",34,29,,,,,"[""Carole""]",,,
rel,,,DIRECTED,35,29,,,,,,,,
rel,,,WROTE,36,29,,,,,,,,
rel,,,"ACTED_IN",16,37,,,,,"[""Jerry Maguire""]",,,
rel,,,"ACTED_IN",22,37,,,,,"[""Rod Tidwell""]",,,
rel,,,"ACTED_IN",38,37,,,,,"[""Dorothy Boyd""]",,,
rel,,,"ACTED_IN",39,37,,,,,"[""Avery Bishop""]",,,
rel,,,"ACTED_IN",40,37,,,,,"[""Frank Cushman""]",,,
rel,,,"ACTED_IN",41,37,,,,,"[""Bob Sugar""]",,,
rel,,,"ACTED_IN",42,37,,,,,"[""Laurel Boyd""]",,,
rel,,,"ACTED_IN",43,37,,,,,"[""Marcee Tidwell""]",,,
rel,,,"ACTED_IN",44,37,,,,,"[""Ray Boyd""]",,,
rel,,,DIRECTED,45,37,,,,,,,,
rel,,,PRODUCED,45,37,,,,,,,,
rel,,,WROTE,45,37,,,,,,,,
rel,,,"ACTED_IN",49,46,,,,,"[""Gordie Lachance""]",,,
rel,,,"ACTED_IN",47,46,,,,,"[""Chris Chambers""]",,,
rel,,,"ACTED_IN",40,46,,,,,"[""Vern Tessio""]",,,
rel,,,"ACTED_IN",48,46,,,,,"[""Teddy Duchamp""]",,,
rel,,,"ACTED_IN",50,46,,,,,"[""Denny Lachance""]",,,
rel,,,"ACTED_IN",20,46,,,,,"[""Ace Merrill""]",,,
rel,,,"ACTED_IN",51,46,,,,,"[""Mr. Lachance""]",,,
rel,,,DIRECTED,27,46,,,,,,,,
rel,,,"ACTED_IN",17,52,,,,,"[""Melvin Udall""]",,,
rel,,,"ACTED_IN",53,52,,,,,"[""Carol Connelly""]",,,
rel,,,"ACTED_IN",54,52,,,,,"[""Simon Bishop""]",,,
rel,,,"ACTED_IN",22,52,,,,,"[""Frank Sachs""]",,,
rel,,,DIRECTED,55,52,,,,,,,,
rel,,,"ACTED_IN",60,56,,,,,"[""Chris Nielsen""]",,,
rel,,,"ACTED_IN",22,56,,,,,"[""Albert Lewis""]",,,
rel,,,"ACTED_IN",57,56,,,,,"[""Annie Collins-Nielsen""]",,,
rel,,,"ACTED_IN",58,56,,,,,"[""The Tracker""]",,,
rel,,,"ACTED_IN",59,56,,,,,"[""The Face""]",,,
rel,,,DIRECTED,61,56,,,,,,,,
rel,,,"ACTED_IN",63,62,,,,,"[""Ishmael Chambers""]",,,
rel,,,"ACTED_IN",64,62,,,,,"[""Kazuo Miyamoto""]",,,
rel,,,"ACTED_IN",58,62,,,,,"[""Nels Gudmundsson""]",,,
rel,,,"ACTED_IN",65,62,,,,,"[""Judge Fielding""]",,,
rel,,,DIRECTED,66,62,,,,,,,,
rel,,,"ACTED_IN",71,67,,,,,"[""Joe Fox""]",,,
rel,,,"ACTED_IN",34,67,,,,,"[""Kathleen Kelly""]",,,
rel,,,"ACTED_IN",54,67,,,,,"[""Frank Navasky""]",,,
rel,,,"ACTED_IN",68,67,,,,,"[""Patricia Eden""]",,,
rel,,,"ACTED_IN",69,67,,,,,"[""Kevin Jackson""]",,,
rel,,,"ACTED_IN",70,67,,,,,"[""George Pappas""]",,,
rel,,,DIRECTED,72,67,,,,,,,,
rel,,,"ACTED_IN",71,73,,,,,"[""Sam Baldwin""]",,,
rel,,,"ACTED_IN",34,73,,,,,"[""Annie Reed""]",,,
rel,,,"ACTED_IN",74,73,,,,,"[""Suzy""]",,,
rel,,,"ACTED_IN",75,73,,,,,"[""Walter""]",,,
rel,,,"ACTED_IN",76,73,,,,,"[""Greg""]",,,
rel,,,"ACTED_IN",77,73,,,,,"[""Becky""]",,,
rel,,,DIRECTED,72,73,,,,,,,,
rel,,,"ACTED_IN",71,78,,,,,"[""Joe Banks""]",,,
rel,,,"ACTED_IN",34,78,,,,,"[""DeDe"",""Angelica Graynamore"",""Patricia Graynamore""]",,,
rel,,,"ACTED_IN",80,78,,,,,"[""Baw""]",,,
rel,,,DIRECTED,79,78,,,,,,,,
rel,,,"ACTED_IN",82,81,,,,,"[""Harry Burns""]",,,
rel,,,"ACTED_IN",34,81,,,,,"[""Sally Albright""]",,,
rel,,,"ACTED_IN",83,81,,,,,"[""Marie""]",,,
rel,,,"ACTED_IN",84,81,,,,,"[""Jess""]",,,
rel,,,DIRECTED,27,81,,,,,,,,
rel,,,PRODUCED,27,81,,,,,,,,
rel,,,PRODUCED,72,81,,,,,,,,
rel,,,WROTE,72,81,,,,,,,,
rel,,,"ACTED_IN",71,85,,,,,"[""Mr. White""]",,,
rel,,,"ACTED_IN",86,85,,,,,"[""Faye Dolan""]",,,
rel,,,"ACTED_IN",12,85,,,,,"[""Tina""]",,,
rel,,,DIRECTED,71,85,,,,,,,,
rel,,,"ACTED_IN",1,87,,,,,"[""Shane Falco""]",,,
rel,,,"ACTED_IN",88,87,,,,,"[""Annabelle Farrell""]",,,
rel,,,"ACTED_IN",89,87,,,,,"[""Jimmy McGinty""]",,,
rel,,,"ACTED_IN",90,87,,,,,"[""Clifford Franklin""]",,,
rel,,,DIRECTED,91,87,,,,,,,,
rel,,,"ACTED_IN",51,92,,,,,"[""Admiral""]",,,
rel,,,"ACTED_IN",93,92,,,,,"[""Dieter Dengler""]",,,
rel,,,"ACTED_IN",94,92,,,,,"[""Squad Leader""]",,,
rel,,,"ACTED_IN",70,92,,,,,"[""Duane""]",,,
rel,,,DIRECTED,59,92,,,,,,,,
rel,,,"ACTED_IN",60,95,,,,,"[""Armand Goldman""]",,,
rel,,,"ACTED_IN",80,95,,,,,"[""Albert Goldman""]",,,
rel,,,"ACTED_IN",89,95,,,,,"[""Sen. Kevin Keeley""]",,,
rel,,,DIRECTED,96,95,,,,,,,,
rel,,,"ACTED_IN",98,97,,,,,"[""English Bob""]",,,
rel,,,"ACTED_IN",99,97,,,,,"[""Bill Munny""]",,,
rel,,,"ACTED_IN",89,97,,,,,"[""Little Bill Daggett""]",,,
rel,,,DIRECTED,99,97,,,,,,,,
rel,,,"ACTED_IN",1,100,,,,,"[""Johnny Mnemonic""]",,,
rel,,,"ACTED_IN",101,100,,,,,"[""Takahashi""]",,,
rel,,,"ACTED_IN",102,100,,,,,"[""Jane""]",,,
rel,,,"ACTED_IN",103,100,,,,,"[""J-Bone""]",,,
rel,,,DIRECTED,104,100,,,,,,,,
rel,,,"ACTED_IN",71,105,,,,,"[""Zachry"",""Dr. Henry Goose"",""Isaac Sachs"",""Dermot Hoggins""]",,,
rel,,,"ACTED_IN",4,105,,,,,"[""Bill Smoke"",""Haskell Moore"",""Tadeusz Kesselring"",""Nurse Noakes"",""Boardman Mephi"",""Old Georgie""]",,,
rel,,,"ACTED_IN",106,105,,,,,"[""Luisa Rey"",""Jocasta Ayrs"",""Ovid"",""Meronym""]",,,
rel,,,"ACTED_IN",107,105,,,,,"[""Vyvyan Ayrs"",""Captain Molyneux"",""Timothy Cavendish""]",,,
rel,,,DIRECTED,108,105,,,,,,,,
rel,,,DIRECTED,5,105,,,,,,,,
rel,,,DIRECTED,6,105,,,,,,,,
rel,,,WROTE,109,105,,,,,,,,
rel,,,PRODUCED,110,105,,,,,,,,
rel,,,"ACTED_IN",71,111,,,,,"[""Dr. Robert Langdon""]",,,
rel,,,"ACTED_IN",112,111,,,,,"[""Sir Leight Teabing""]",,,
rel,,,"ACTED_IN",113,111,,,,,"[""Sophie Neveu""]",,,
rel,,,"ACTED_IN",114,111,,,,,"[""Silas""]",,,
rel,,,DIRECTED,115,111,,,,,,,,
rel,,,"ACTED_IN",4,116,,,,,"[""V""]",,,
rel,,,"ACTED_IN",117,116,,,,,"[""Evey Hammond""]",,,
rel,,,"ACTED_IN",118,116,,,,,"[""Eric Finch""]",,,
rel,,,"ACTED_IN",119,116,,,,,"[""High Chancellor Adam Sutler""]",,,
rel,,,"ACTED_IN",120,116,,,,,"[""Dascomb""]",,,
rel,,,DIRECTED,25,116,,,,,,,,
rel,,,PRODUCED,5,116,,,,,,,,
rel,,,PRODUCED,6,116,,,,,,,,
rel,,,PRODUCED,7,116,,,,,,,,
rel,,,WROTE,5,116,,,,,,,,
rel,,,WROTE,6,116,,,,,,,,
rel,,,"ACTED_IN",122,121,,,,,"[""Speed Racer""]",,,
rel,,,"ACTED_IN",123,121,,,,,"[""Pops""]",,,
rel,,,"ACTED_IN",124,121,,,,,"[""Mom""]",,,
rel,,,"ACTED_IN",125,121,,,,,"[""Racer X""]",,,
rel,,,"ACTED_IN",126,121,,,,,"[""Trixie""]",,,
rel,,,"ACTED_IN",127,121,,,,,"[""Taejo Togokahn""]",,,
rel,,,"ACTED_IN",120,121,,,,,"[""Cass Jones""]",,,
rel,,,DIRECTED,5,121,,,,,,,,
rel,,,DIRECTED,6,121,,,,,,,,
rel,,,WROTE,5,121,,,,,,,,
rel,,,WROTE,6,121,,,,,,,,
rel,,,PRODUCED,7,121,,,,,,,,
rel,,,"ACTED_IN",127,128,,,,,"[""Raizo""]",,,
rel,,,"ACTED_IN",129,128,,,,,"[""Mika Coretti""]",,,
rel,,,"ACTED_IN",64,128,,,,,"[""Takeshi""]",,,
rel,,,"ACTED_IN",120,128,,,,,"[""Ryan Maslow""]",,,
rel,,,DIRECTED,25,128,,,,,,,,
rel,,,PRODUCED,5,128,,,,,,,,
rel,,,PRODUCED,6,128,,,,,,,,
rel,,,PRODUCED,7,128,,,,,,,,
rel,,,"ACTED_IN",71,130,,,,,"[""Paul Edgecomb""]",,,
rel,,,"ACTED_IN",131,130,,,,,"[""John Coffey""]",,,
rel,,,"ACTED_IN",132,130,,,,,"[""Brutus \""Brutal\"" Howell""]",,,
rel,,,"ACTED_IN",42,130,,,,,"[""Jan Edgecomb""]",,,
rel,,,"ACTED_IN",65,130,,,,,"[""Warden Hal Moores""]",,,
rel,,,"ACTED_IN",133,130,,,,,"[""\""Wild Bill\"" Wharton""]",,,
rel,,,"ACTED_IN",134,130,,,,,"[""Burt Hammersmith""]",,,
rel,,,"ACTED_IN",135,130,,,,,"[""Melinda Moores""]",,,
rel,,,DIRECTED,136,130,,,,,,,,
rel,,,"ACTED_IN",138,137,,,,,"[""Richard Nixon""]",,,
rel,,,"ACTED_IN",139,137,,,,,"[""David Frost""]",,,
rel,,,"ACTED_IN",19,137,,,,,"[""Jack Brennan""]",,,
rel,,,"ACTED_IN",140,137,,,,,"[""Bob Zelnick""]",,,
rel,,,"ACTED_IN",133,137,,,,,"[""James Reston, Jr.""]",,,
rel,,,DIRECTED,115,137,,,,,,,,
rel,,,"ACTED_IN",17,141,,,,,"[""Hoffa""]",,,
rel,,,"ACTED_IN",142,141,,,,,"[""Robert \""Bobby\"" Ciaro""]",,,
rel,,,"ACTED_IN",24,141,,,,,"[""Frank Fitzsimmons""]",,,
rel,,,"ACTED_IN",143,141,,,,,"[""Peter \""Pete\"" Connelly""]",,,
rel,,,DIRECTED,142,141,,,,,,,,
rel,,,"ACTED_IN",71,144,,,,,"[""Jim Lovell""]",,,
rel,,,"ACTED_IN",19,144,,,,,"[""Jack Swigert""]",,,
rel,,,"ACTED_IN",145,144,,,,,"[""Gene Kranz""]",,,
rel,,,"ACTED_IN",146,144,,,,,"[""Fred Haise""]",,,
rel,,,"ACTED_IN",134,144,,,,,"[""Ken Mattingly""]",,,
rel,,,DIRECTED,115,144,,,,,,,,
rel,,,"ACTED_IN",146,147,,,,,"[""Bill Harding""]",,,
rel,,,"ACTED_IN",53,147,,,,,"[""Dr. Jo Harding""]",,,
rel,,,"ACTED_IN",94,147,,,,,"[""Eddie""]",,,
rel,,,"ACTED_IN",148,147,,,,,"[""Dustin \""Dusty\"" Davis""]",,,
rel,,,DIRECTED,149,147,,,,,,,,
rel,,,"ACTED_IN",71,150,,,,,"[""Chuck Noland""]",,,
rel,,,"ACTED_IN",53,150,,,,,"[""Kelly Frears""]",,,
rel,,,DIRECTED,151,150,,,,,,,,
rel,,,"ACTED_IN",17,152,,,,,"[""Randle McMurphy""]",,,
rel,,,"ACTED_IN",142,152,,,,,"[""Martini""]",,,
rel,,,DIRECTED,153,152,,,,,,,,
rel,,,"ACTED_IN",17,154,,,,,"[""Harry Sanborn""]",,,
rel,,,"ACTED_IN",155,154,,,,,"[""Erica Barry""]",,,
rel,,,"ACTED_IN",1,154,,,,,"[""Julian Mercer""]",,,
rel,,,DIRECTED,156,154,,,,,,,,
rel,,,PRODUCED,156,154,,,,,,,,
rel,,,WROTE,156,154,,,,,,,,
rel,,,"ACTED_IN",60,157,,,,,"[""Andrew Marin""]",,,
rel,,,"ACTED_IN",140,157,,,,,"[""Rupert Burns""]",,,
rel,,,DIRECTED,158,157,,,,,,,,
rel,,,"ACTED_IN",71,159,,,,,"[""Rep. Charlie Wilson""]",,,
rel,,,"ACTED_IN",160,159,,,,,"[""Joanne Herring""]",,,
rel,,,"ACTED_IN",148,159,,,,,"[""Gust Avrakotos""]",,,
rel,,,DIRECTED,96,159,,,,,,,,
rel,,,"ACTED_IN",71,161,,,,,"[""Hero Boy"",""Father"",""Conductor"",""Hobo"",""Scrooge"",""Santa Claus""]",,,
rel,,,DIRECTED,151,161,,,,,,,,
rel,,,"ACTED_IN",71,162,,,,,"[""Jimmy Dugan""]",,,
rel,,,"ACTED_IN",164,162,,,,,"[""Dottie Hinson""]",,,
rel,,,"ACTED_IN",165,162,,,,,"[""Kit Keller""]",,,
rel,,,"ACTED_IN",77,162,,,,,"[""Doris Murphy""]",,,
rel,,,"ACTED_IN",163,162,,,,,"[""\""All the Way\"" Mae Mordabito""]",,,
rel,,,"ACTED_IN",146,162,,,,,"[""Bob Hinson""]",,,
rel,,,DIRECTED,166,162,,,,,,,,
rel,,,FOLLOWS,170,169,,,,,,,,
rel,,,FOLLOWS,168,169,,,,,,,,
rel,,,FOLLOWS,167,168,,,,,,,,
